timestamp,rpm,speed,tps,map,iat,eot,load,voltage,fuel_lh,gear
17:35:41,0,0,0.00,0.0,25.0,0.0,0.00,0.00,0.000,
17:35:52,0,0,0.00,0.0,25.0,0.0,0.00,0.00,0.000,
17:36:08,0,0,0.00,0.0,25.0,0.0,0.00,0.00,0.000,
17:36:19,0,0,0.00,0.0,25.0,0.0,0.00,0.00,0.000,
17:36:29,0,0,0.00,0.0,25.0,0.0,0.00,0.00,0.000,
17:36:42,0,0,0.00,0.0,25.0,0.0,0.00,0.00,0.000,
17:36:54,0,0,0.00,0.0,25.0,0.0,0.00,0.00,0.000,
17:37:04,0,0,0.00,0.0,25.0,0.0,0.00,0.00,0.000,
17:37:17,0,0,0.00,0.0,25.0,0.0,0.00,0.00,0.000,
17:37:25,0,0,0.00,0.0,25.0,0.0,0.00,0.00,0.000,
17:37:38,0,0,0.00,0.0,25.0,0.0,0.00,0.00,0.000,
17:37:50,0,0,0.00,0.0,25.0,0.0,0.00,0.00,0.000,
17:38:01,0,0,0.00,0.0,25.0,0.0,0.00,0.00,0.000,
17:38:11,0,0,0.00,0.0,25.0,0.0,0.00,0.00,0.000,
17:38:22,0,0,0.00,0.0,25.0,0.0,0.00,0.00,0.000,
17:38:34,0,0,0.00,0.0,25.0,0.0,0.00,0.00,0.000,
17:38:47,0,0,0.00,0.0,25.0,0.0,0.00,0.00,0.000,
17:38:59,0,0,0.00,0.0,25.0,0.0,0.00,0.00,0.000,
17:39:10,0,0,0.00,0.0,25.0,0.0,0.00,0.00,0.000,
17:39:18,0,0,0.00,0.0,25.0,0.0,0.00,0.00,0.000,
17:39:32,0,0,0.00,0.0,25.0,0.0,0.00,0.00,0.000,
17:39:42,0,0,0.00,0.0,25.0,0.0,0.00,0.00,0.000,
17:39:55,0,0,0.00,0.0,25.0,0.0,0.00,0.00,0.000,
17:40:07,0,0,0.00,0.0,25.0,0.0,0.00,0.00,0.000,
17:40:20,0,0,0.00,0.0,25.0,0.0,0.00,0.00,0.000,
17:40:32,0,0,0.00,0.0,25.0,0.0,0.00,0.00,0.000,
17:40:45,0,0,0.00,0.0,25.0,0.0,0.00,0.00,0.000,
17:40:57,0,0,0.00,0.0,25.0,0.0,0.00,0.00,0.000,
17:41:10,0,0,0.00,0.0,25.0,0.0,0.00,0.00,0.000,
17:41:22,0,0,0.00,0.0,25.0,0.0,0.00,0.00,0.000,
17:41:35,0,0,0.00,0.0,25.0,0.0,0.00,0.00,0.000,
17:41:47,0,0,0.00,0.0,25.0,0.0,0.00,0.00,0.000,
17:41:58,0,0,0.00,0.0,25.0,0.0,0.00,0.00,0.000,
17:42:11,0,0,0.00,0.0,25.0,0.0,0.00,0.00,0.000,
17:42:25,0,0,0.00,0.0,25.0,0.0,0.00,0.00,0.000,
17:42:39,0,0,0.00,0.0,25.0,0.0,0.00,0.00,0.000,
17:42:51,0,0,0.00,0.0,25.0,0.0,0.00,0.00,0.000,
17:43:02,0,0,0.00,0.0,25.0,0.0,0.00,0.00,0.000,
17:43:15,0,0,0.00,0.0,25.0,0.0,0.00,0.00,0.000,
17:43:28,0,0,0.00,0.0,25.0,0.0,0.00,0.00,0.000,
17:43:38,0,0,0.00,0.0,25.0,0.0,0.00,0.00,0.000,
17:43:52,0,0,0.00,0.0,25.0,0.0,0.00,0.00,0.000,
17:44:04,0,0,0.00,0.0,25.0,0.0,0.00,0.00,0.000,
17:44:18,0,0,0.00,0.0,25.0,0.0,0.00,0.00,0.000,
17:44:28,0,0,0.00,0.0,25.0,0.0,0.00,0.00,0.000,
17:44:41,0,0,0.00,0.0,25.0,0.0,0.00,0.00,0.000,
17:44:52,0,0,0.00,0.0,25.0,0.0,0.00,0.00,0.000,
17:45:05,0,0,0.00,0.0,25.0,0.0,0.00,0.00,0.000,
17:45:17,0,0,0.00,0.0,25.0,0.0,0.00,0.00,0.000,
17:45:28,0,0,0.00,0.0,25.0,0.0,0.00,0.00,0.000,
17:45:41,0,0,0.00,0.0,25.0,0.0,0.00,0.00,0.000,
17:45:51,0,0,0.00,0.0,25.0,0.0,0.00,0.00,0.000,
17:46:02,0,0,0.00,0.0,25.0,0.0,0.00,0.00,0.000,
17:46:14,0,0,0.00,0.0,25.0,0.0,0.00,0.00,0.000,
17:46:27,0,0,0.00,0.0,25.0,0.0,0.00,0.00,0.000,
17:46:37,0,0,0.00,0.0,25.0,0.0,0.00,0.00,0.000,
17:46:38,0,0,0.00,0.0,25.0,0.0,0.00,0.00,0.000,
17:46:39,1650,0,13.73,49.0,7.0,47.0,23.14,13.60,1.516,
17:46:40,1363,0,13.73,52.0,7.0,46.0,23.53,13.90,1.329,
17:46:41,1236,0,13.73,52.0,7.0,46.0,23.53,14.00,1.206,
17:46:42,1386,0,13.73,52.0,7.0,45.0,23.92,13.90,1.352,
17:46:43,1381,0,13.73,52.0,7.0,45.0,23.92,13.90,1.346,
17:46:44,1374,0,13.73,51.0,7.0,45.0,24.71,14.10,1.314,
17:46:45,1379,0,13.73,53.0,7.0,45.0,23.53,13.60,1.370,
17:46:47,1374,0,13.73,53.0,7.0,45.0,23.92,14.10,1.365,
17:46:48,1419,0,13.73,52.0,7.0,45.0,23.92,14.20,1.384,
17:46:50,1321,0,13.73,52.0,7.0,45.0,24.31,13.80,1.288,
17:46:51,1302,0,13.73,54.0,7.0,45.0,23.92,13.90,1.319,
17:46:52,1462,0,13.73,53.0,7.0,45.0,23.92,13.90,1.453,
17:46:52,1376,0,13.73,53.0,7.0,45.0,24.31,14.10,1.367,
17:46:53,1499,0,13.73,51.0,7.0,45.0,23.14,14.00,1.433,
17:46:54,1432,0,13.73,53.0,7.0,45.0,23.53,14.00,1.423,
17:46:55,1429,0,13.73,52.0,7.0,45.0,23.92,13.90,1.393,
17:46:56,1407,0,13.73,53.0,7.0,45.0,23.53,13.90,1.398,
17:46:57,1348,0,13.73,53.0,7.0,45.0,23.53,14.10,1.339,
17:46:58,1394,0,13.73,53.0,7.0,45.0,23.14,13.90,1.385,
17:46:59,1460,0,13.73,54.0,7.0,45.0,23.92,13.90,1.478,
17:47:01,1426,0,13.73,52.0,7.0,45.0,23.92,14.10,1.391,
17:47:02,1476,0,13.73,53.0,7.0,45.0,23.92,14.10,1.467,
17:47:03,1387,0,13.73,52.0,7.0,45.0,24.31,14.10,1.352,
17:47:04,1409,0,13.73,52.0,7.0,46.0,23.92,13.90,1.374,
17:47:05,1440,0,13.73,51.0,7.0,46.0,23.92,14.00,1.377,
17:47:06,1432,0,13.73,52.0,7.0,46.0,24.31,14.20,1.396,
17:47:07,1429,0,13.73,53.0,7.0,46.0,23.53,13.90,1.420,
17:47:08,1483,0,13.73,52.0,7.0,46.0,24.31,13.60,1.446,
17:47:09,1440,0,13.73,52.0,7.0,46.0,23.92,14.10,1.404,
17:47:10,1409,0,13.73,51.0,7.0,46.0,22.75,14.00,1.347,
17:47:11,1437,0,13.73,53.0,7.0,46.0,23.53,14.10,1.428,
17:47:12,1528,0,13.73,52.0,7.0,46.0,22.35,14.20,1.490,
17:47:13,1490,0,13.73,52.0,7.0,46.0,23.92,14.10,1.452,
17:47:14,1480,0,13.73,50.0,7.0,46.0,23.14,14.00,1.387,
17:47:15,1465,0,13.73,52.0,7.0,46.0,21.18,14.00,1.428,
17:47:16,1484,0,13.73,52.0,7.0,46.0,21.96,13.80,1.447,
17:47:18,1474,0,13.73,51.0,7.0,47.0,22.35,13.90,1.409,
17:47:19,1519,0,13.73,49.0,7.0,47.0,22.35,14.00,1.396,
17:47:20,1497,0,13.73,51.0,7.0,47.0,21.96,14.00,1.431,
17:47:21,1506,0,13.73,51.0,7.0,47.0,21.96,14.00,1.440,
17:47:22,1438,0,13.73,51.0,7.0,47.0,21.18,14.00,1.375,
17:47:22,1512,0,13.73,50.0,7.0,47.0,21.96,14.00,1.417,
17:47:23,1463,0,13.73,51.0,7.0,47.0,21.57,14.00,1.399,
17:47:24,1513,0,13.73,51.0,7.0,47.0,21.96,14.00,1.447,
17:47:25,1522,0,13.73,51.0,7.0,47.0,21.57,14.30,1.456,
17:47:26,1473,0,13.73,51.0,7.0,47.0,21.57,14.30,1.408,
17:47:28,1488,0,13.73,50.0,7.0,47.0,21.18,14.10,1.395,
17:47:29,1442,0,13.73,50.0,7.0,47.0,22.35,13.80,1.352,
17:47:31,1449,0,13.73,51.0,7.0,49.0,21.18,14.00,1.386,
17:47:32,1471,0,13.73,50.0,7.0,49.0,22.35,14.00,1.379,
17:47:33,1507,0,13.73,50.0,7.0,49.0,21.96,13.80,1.413,
17:47:34,1456,0,13.73,51.0,7.0,49.0,21.57,14.10,1.392,
17:47:35,1480,0,13.73,49.0,7.0,49.0,21.57,14.10,1.359,
17:47:36,1460,0,13.73,51.0,7.0,49.0,21.57,14.10,1.397,
17:47:37,1442,0,13.73,51.0,7.0,49.0,21.18,13.90,1.379,
17:47:38,1509,0,13.73,51.0,7.0,49.0,20.78,13.90,1.443,
17:47:39,1469,0,13.73,50.0,7.0,49.0,22.35,13.90,1.377,
17:47:40,1408,0,13.73,49.0,7.0,49.0,21.96,13.80,1.293,
17:47:41,1470,0,13.73,50.0,7.0,49.0,21.96,13.40,1.378,
17:47:42,1428,0,13.73,49.0,7.0,49.0,21.18,13.80,1.312,
17:47:43,1448,0,13.73,50.0,7.0,50.0,21.18,14.10,1.358,
17:47:44,1489,0,13.73,50.0,7.0,50.0,22.35,14.10,1.396,
17:47:45,1459,0,13.73,49.0,7.0,50.0,21.57,14.00,1.340,
17:47:46,1442,0,13.73,50.0,7.0,50.0,21.57,14.20,1.352,
17:47:48,1476,0,13.73,50.0,7.0,50.0,21.96,14.20,1.384,
17:47:49,1476,0,13.73,50.0,7.0,50.0,21.96,14.10,1.384,
17:47:50,1414,0,13.73,49.0,7.0,50.0,21.18,13.60,1.299,
17:47:51,1450,0,13.73,50.0,7.0,50.0,21.57,13.50,1.360,
17:47:52,1426,0,13.73,50.0,7.0,50.0,21.96,13.50,1.337,
17:47:53,1446,0,13.73,49.0,7.0,50.0,21.57,13.60,1.328,
17:47:53,1452,0,13.73,50.0,7.0,50.0,21.18,13.80,1.361,
17:47:54,1486,0,13.73,50.0,7.0,50.0,21.18,14.20,1.393,
17:47:55,1436,0,13.73,49.0,7.0,50.0,21.18,13.60,1.319,
17:47:56,1403,0,13.73,49.0,7.0,51.0,21.96,13.90,1.289,
17:47:57,1426,0,13.73,49.0,7.0,51.0,20.78,14.00,1.311,
17:47:59,1458,0,13.73,51.0,7.0,51.0,21.57,14.00,1.394,
17:48:00,1475,0,13.73,50.0,7.0,51.0,21.18,13.90,1.383,
17:48:01,1457,0,13.73,50.0,7.0,51.0,21.18,13.80,1.366,
17:48:02,1469,0,13.73,50.0,7.0,51.0,21.96,14.00,1.377,
17:48:04,1436,0,13.73,51.0,7.0,51.0,20.78,14.10,1.373,
17:48:05,1440,0,13.73,50.0,7.0,51.0,21.96,14.00,1.350,
17:48:06,1396,0,13.73,50.0,7.0,51.0,21.18,14.00,1.308,
17:48:06,1438,0,13.73,50.0,7.0,51.0,21.18,14.00,1.348,
17:48:07,1432,0,13.73,50.0,7.0,51.0,21.57,14.00,1.342,
17:48:08,1414,0,13.73,50.0,7.0,51.0,20.78,14.00,1.326,
17:48:09,1462,0,13.73,50.0,7.0,51.0,21.96,14.10,1.371,
17:48:10,1412,0,13.73,50.0,7.0,51.0,21.18,13.80,1.323,
17:48:11,1450,0,13.73,50.0,7.0,52.0,21.57,13.90,1.360,
17:48:12,1426,0,13.73,49.0,7.0,52.0,20.78,14.00,1.310,
17:48:13,1422,0,13.73,50.0,7.0,52.0,21.18,13.80,1.333,
17:48:14,1437,0,13.73,51.0,7.0,52.0,21.57,13.60,1.374,
17:48:15,1420,0,13.73,49.0,7.0,52.0,21.57,13.80,1.304,
17:48:17,1424,0,13.73,51.0,7.0,52.0,21.18,14.10,1.362,
17:48:18,1426,0,13.73,50.0,7.0,52.0,21.96,14.20,1.337,
17:48:19,1399,0,13.73,49.0,7.0,52.0,21.57,13.90,1.285,
17:48:20,1404,0,13.73,50.0,7.0,52.0,20.39,13.90,1.316,
17:48:21,1404,0,13.73,49.0,7.0,52.0,21.18,13.80,1.290,
17:48:22,1370,0,13.73,49.0,7.0,52.0,21.18,13.60,1.259,
17:48:23,1439,0,13.73,49.0,7.0,52.0,20.78,13.90,1.322,
17:48:23,1369,0,13.73,50.0,7.0,52.0,21.18,13.90,1.283,
17:48:25,1415,0,13.73,49.0,7.0,52.0,21.18,13.40,1.300,
17:48:26,1417,0,13.73,49.0,7.0,52.0,21.18,13.20,1.302,
17:48:27,1430,0,13.73,50.0,7.0,53.0,20.00,13.90,1.341,
17:48:28,1404,0,13.73,49.0,7.0,53.0,21.57,13.90,1.290,
17:48:29,1434,0,13.73,51.0,7.0,53.0,21.57,14.10,1.371,
17:48:30,1386,0,13.73,50.0,7.0,53.0,20.78,14.20,1.299,
17:48:31,1396,0,13.73,50.0,7.0,53.0,20.78,13.80,1.309,
17:48:33,1422,0,13.73,49.0,7.0,53.0,21.18,13.90,1.306,
17:48:34,1418,0,13.73,49.0,7.0,53.0,20.00,13.90,1.303,
17:48:35,1382,0,13.73,52.0,7.0,53.0,21.18,13.80,1.347,
17:48:36,1428,0,13.73,49.0,7.0,53.0,21.18,14.10,1.311,
17:48:36,1408,0,13.73,50.0,7.0,53.0,20.39,14.10,1.319,
17:48:37,1431,0,13.73,50.0,7.0,53.0,20.39,14.00,1.342,
17:48:38,1346,0,13.73,49.0,7.0,53.0,21.96,13.60,1.237,
17:48:39,1364,0,13.73,49.0,7.0,53.0,21.57,13.50,1.253,
17:48:40,1400,0,13.73,50.0,7.0,53.0,21.18,13.90,1.313,
17:48:41,1404,0,13.73,49.0,7.0,55.0,21.18,13.90,1.290,
17:48:42,1371,0,13.73,49.0,7.0,55.0,21.57,13.60,1.260,
17:48:43,1383,0,13.73,50.0,7.0,55.0,21.18,13.60,1.297,
17:48:45,1452,0,13.73,49.0,7.0,55.0,21.18,13.50,1.334,
17:48:46,1414,0,13.73,50.0,7.0,55.0,21.18,13.60,1.326,
17:48:47,1444,0,13.73,49.0,7.0,55.0,21.57,13.90,1.327,
17:48:48,1404,0,13.73,49.0,7.0,55.0,21.18,13.60,1.290,
17:48:49,1408,0,13.73,48.0,7.0,55.0,20.00,13.50,1.268,
17:48:50,1406,0,13.73,49.0,7.0,55.0,20.39,14.10,1.292,
17:48:51,1377,0,13.73,49.0,7.0,55.0,21.18,14.10,1.265,
17:48:52,1390,0,13.73,50.0,7.0,55.0,21.96,13.50,1.303,
17:48:53,1359,0,13.73,49.0,7.0,55.0,21.18,13.60,1.249,
17:48:54,1406,0,13.73,50.0,7.0,55.0,21.57,13.80,1.318,
17:48:55,1408,0,13.73,50.0,7.0,55.0,20.78,14.20,1.320,
17:48:56,1396,0,13.73,49.0,7.0,55.0,21.57,14.20,1.283,
17:48:57,1328,0,13.73,50.0,7.0,55.0,21.18,13.40,1.245,
17:48:58,1404,0,13.73,49.0,7.0,56.0,21.18,13.40,1.290,
17:48:59,1345,0,13.73,48.0,7.0,56.0,21.57,14.10,1.210,
17:49:00,1369,0,13.73,49.0,7.0,56.0,21.18,14.10,1.258,
17:49:02,1392,0,13.73,49.0,7.0,56.0,21.57,13.60,1.279,
17:49:03,1402,0,13.73,48.0,7.0,56.0,21.57,14.00,1.261,
17:49:04,1355,0,13.73,49.0,7.0,56.0,21.96,14.00,1.245,
17:49:05,1363,0,13.73,49.0,7.0,56.0,20.78,13.90,1.252,
17:49:06,1337,0,13.73,49.0,7.0,56.0,21.18,13.90,1.229,
17:49:07,1333,0,13.73,50.0,7.0,56.0,20.78,13.60,1.250,
17:49:08,1405,0,13.73,49.0,7.0,56.0,21.18,13.90,1.291,
17:49:09,1317,0,13.73,50.0,7.0,56.0,21.18,13.60,1.235,
17:49:10,1367,0,13.73,49.0,7.0,56.0,20.78,13.60,1.256,
17:49:11,1378,0,13.73,50.0,7.0,56.0,20.78,13.80,1.292,
17:49:12,1352,0,13.73,50.0,7.0,56.0,21.57,13.80,1.268,
17:49:14,1324,0,13.73,49.0,7.0,56.0,21.18,13.40,1.216,
17:49:16,1324,0,13.73,49.0,7.0,57.0,21.18,13.90,1.216,
17:49:20,1324,0,13.73,49.0,7.0,57.0,21.18,13.80,1.216,
17:49:22,1364,0,13.73,49.0,7.0,57.0,21.18,14.00,1.253,
17:49:24,1369,0,13.73,49.0,7.0,57.0,21.57,13.90,1.258,
17:49:26,1313,0,13.73,49.0,7.0,57.0,21.18,14.00,1.206,
17:49:27,1332,0,13.73,49.0,7.0,57.0,21.57,14.10,1.223,
17:49:28,1390,0,13.73,49.0,7.0,57.0,21.18,14.20,1.277,
17:49:29,1371,0,13.73,49.0,7.0,57.0,20.78,13.60,1.260,
17:49:30,1363,0,13.73,49.0,7.0,57.0,20.39,13.80,1.252,
17:49:32,1377,0,13.73,49.0,7.0,58.0,21.18,13.80,1.265,
17:49:33,1322,0,13.73,48.0,7.0,58.0,20.78,13.60,1.189,
17:49:34,1390,0,13.73,49.0,7.0,58.0,20.78,13.20,1.277,
17:49:35,1341,0,13.73,49.0,7.0,58.0,20.78,13.50,1.232,
17:49:36,1423,0,13.73,48.0,7.0,58.0,21.57,13.80,1.281,
17:49:37,1297,0,13.73,48.0,7.0,58.0,20.78,13.80,1.167,
17:49:38,1366,0,13.73,49.0,7.0,58.0,21.18,13.60,1.254,
17:49:38,1324,0,13.73,49.0,7.0,58.0,20.78,13.80,1.217,
17:49:39,1316,0,13.73,50.0,7.0,58.0,21.57,14.00,1.233,
17:49:40,1272,0,13.73,50.0,7.0,58.0,21.18,14.00,1.193,
17:49:41,1344,0,13.73,49.0,7.0,58.0,21.18,14.30,1.235,
17:49:42,1367,0,13.73,49.0,7.0,58.0,21.18,14.30,1.256,
17:49:44,1287,0,13.73,49.0,7.0,58.0,21.57,13.60,1.183,
17:49:45,1261,0,13.73,48.0,7.0,58.0,21.57,13.80,1.135,
17:49:46,1314,11,13.73,49.0,7.0,58.0,21.57,13.50,1.207,1
17:49:47,1327,11,13.73,49.0,7.0,59.0,21.18,13.50,1.219,1
17:49:49,1306,11,13.73,49.0,7.0,59.0,21.18,13.30,1.200,1
17:49:50,1333,11,13.73,49.0,7.0,59.0,21.18,13.60,1.225,1
17:49:51,1339,11,13.73,48.0,7.0,59.0,20.78,14.00,1.205,1
17:49:51,1351,12,13.73,48.0,7.0,59.0,21.57,13.60,1.216,1
17:49:52,1332,11,13.73,49.0,7.0,59.0,20.78,13.80,1.224,1
17:49:53,1336,11,13.73,49.0,7.0,59.0,20.39,13.80,1.228,1
17:49:56,1358,11,13.73,49.0,7.0,59.0,20.39,13.80,1.248,1
17:49:57,1322,11,13.73,49.0,7.0,59.0,20.78,13.90,1.215,1
17:49:58,1350,12,13.73,48.0,7.0,59.0,21.18,13.80,1.215,1
17:49:59,1348,16,13.73,49.0,7.0,59.0,20.78,13.50,1.238,2
17:50:00,1348,16,13.73,49.0,7.0,59.0,21.18,13.30,1.238,2
17:50:01,1323,16,13.73,50.0,7.0,59.0,21.18,13.60,1.240,2
17:50:03,1340,22,13.73,49.0,7.0,61.0,21.57,13.90,1.232,3
17:50:04,1303,21,13.73,49.0,7.0,61.0,21.18,14.10,1.197,3
17:50:05,1328,21,13.73,49.0,7.0,61.0,20.78,13.80,1.220,3
17:50:06,1362,21,13.73,50.0,7.0,61.0,21.18,14.10,1.277,3
17:50:07,1297,21,13.73,49.0,7.0,61.0,21.57,14.20,1.191,3
17:50:07,1307,20,13.73,49.0,7.0,61.0,21.57,14.00,1.201,3
17:50:08,1300,25,13.73,50.0,7.0,61.0,21.18,13.60,1.219,4
17:50:09,1358,25,13.73,49.0,7.0,61.0,21.18,14.00,1.248,4
17:50:10,1335,26,13.73,49.0,7.0,61.0,21.18,14.00,1.227,4
17:50:11,1309,25,13.73,49.0,7.0,61.0,21.57,13.60,1.203,4
17:50:12,1323,25,13.73,48.0,7.0,61.0,21.57,13.60,1.191,4
17:50:14,1274,28,13.73,50.0,7.0,61.0,21.18,14.10,1.195,5
17:50:15,1308,29,13.73,49.0,7.0,61.0,21.18,14.10,1.201,5
17:50:16,1255,27,13.73,49.0,7.0,61.0,21.18,13.60,1.153,5
17:50:17,1298,29,13.73,50.0,7.0,61.0,21.18,13.60,1.217,5
17:50:19,1305,28,13.73,50.0,7.0,62.0,21.18,13.90,1.223,5
17:50:20,1318,29,13.73,50.0,7.0,62.0,21.57,13.80,1.236,5
17:50:21,1240,29,13.73,50.0,7.0,62.0,21.18,13.80,1.162,6
17:50:21,1318,31,13.73,49.0,7.0,62.0,21.18,14.00,1.211,6
17:50:22,1314,31,13.73,50.0,7.0,62.0,21.57,14.00,1.232,6
17:50:23,1322,32,13.73,49.0,7.0,62.0,21.57,13.90,1.214,6
17:50:24,1300,31,13.73,50.0,7.0,62.0,21.57,14.00,1.219,6
17:50:25,1263,30,13.73,50.0,7.0,62.0,21.57,13.90,1.184,6
17:50:26,1296,31,13.73,49.0,7.0,62.0,21.57,13.60,1.191,6
17:50:27,1317,31,13.73,50.0,7.0,62.0,21.57,13.50,1.234,6
17:50:29,1260,30,13.73,49.0,7.0,62.0,21.57,14.00,1.158,6
17:50:30,1286,31,13.73,49.0,7.0,62.0,21.18,13.80,1.182,6
17:50:31,1302,30,13.73,49.0,7.0,62.0,21.18,13.80,1.197,5
17:50:32,1317,32,13.73,49.0,7.0,62.0,21.57,13.80,1.210,6
17:50:34,1293,31,13.73,49.0,7.0,63.0,21.18,13.40,1.188,6
17:50:35,1340,31,13.73,49.0,7.0,63.0,21.18,13.50,1.231,5
17:50:36,1300,31,13.73,49.0,7.0,63.0,21.18,13.50,1.195,6
17:50:37,1327,31,13.73,49.0,7.0,63.0,21.18,13.80,1.219,6
17:50:37,1323,31,13.73,49.0,7.0,63.0,21.18,13.90,1.215,6
17:50:38,1298,31,13.73,49.0,7.0,63.0,21.57,14.00,1.193,6
17:50:39,1288,31,13.73,49.0,7.0,63.0,21.57,13.60,1.183,6
17:50:40,1257,30,13.73,49.0,7.0,63.0,20.78,13.90,1.155,6
17:50:41,1278,30,13.73,49.0,7.0,63.0,21.57,14.00,1.174,6
17:50:42,1276,31,13.73,49.0,7.0,63.0,21.18,13.50,1.173,6
17:50:43,1301,30,13.73,49.0,7.0,63.0,21.18,13.40,1.195,5
17:50:45,1254,29,13.73,49.0,7.0,63.0,21.18,13.90,1.152,5
17:50:46,1278,30,13.73,49.0,7.0,63.0,21.18,14.20,1.174,6
17:50:47,1267,31,13.73,49.0,7.0,63.0,21.18,13.80,1.164,6
17:50:48,1273,30,13.73,49.0,7.0,63.0,21.57,13.80,1.169,6
17:50:49,1287,30,13.73,49.0,7.0,63.0,21.57,14.20,1.183,6
17:50:50,1284,30,13.73,50.0,7.0,64.0,21.57,14.10,1.203,6
17:50:51,1295,30,13.73,49.0,7.0,64.0,21.18,13.80,1.190,5
17:50:52,1301,31,13.73,49.0,7.0,64.0,21.57,13.60,1.195,6
17:50:53,1255,29,13.73,49.0,7.0,64.0,21.57,13.60,1.153,5
17:50:54,1250,29,13.73,50.0,7.0,64.0,21.57,13.80,1.172,6
17:50:55,1281,30,13.73,49.0,7.0,64.0,21.18,13.50,1.177,6
17:50:56,1286,30,13.73,50.0,7.0,64.0,21.18,13.50,1.205,6
17:50:57,1308,30,13.73,49.0,7.0,64.0,21.57,14.00,1.201,5
17:50:58,1258,30,13.73,50.0,7.0,64.0,21.57,13.40,1.180,6
17:50:59,1272,29,13.73,50.0,7.0,64.0,21.18,13.50,1.193,5
17:51:00,1267,30,13.73,49.0,7.0,64.0,21.18,14.10,1.164,6
17:51:01,1268,29,13.73,49.0,7.0,64.0,21.18,13.90,1.165,5
17:51:03,1268,30,13.73,49.0,7.0,64.0,20.78,13.90,1.165,6
17:51:04,1270,31,13.73,49.0,7.0,64.0,21.18,13.90,1.166,6
17:51:05,1266,30,13.73,49.0,7.0,64.0,20.78,14.10,1.163,6
17:51:06,1297,30,13.73,49.0,7.0,64.0,21.57,14.00,1.192,5
17:51:07,1272,30,13.73,49.0,7.0,64.0,21.18,14.10,1.169,6
17:51:08,1246,30,13.73,49.0,7.0,65.0,21.18,13.90,1.145,6
17:51:08,1255,30,13.73,49.0,7.0,65.0,21.18,14.00,1.153,6
17:51:09,1257,30,13.73,49.0,7.0,65.0,21.57,13.80,1.155,6
17:51:10,1267,30,13.73,49.0,7.0,65.0,21.18,13.50,1.164,6
17:51:11,1244,31,13.73,49.0,7.0,65.0,21.18,13.80,1.143,6
17:51:12,1278,30,13.73,49.0,7.0,65.0,21.57,13.80,1.174,6
17:51:14,1243,29,13.73,49.0,7.0,65.0,21.18,13.80,1.142,6
17:51:15,1292,31,13.73,49.0,7.0,65.0,21.18,13.90,1.187,6
17:51:17,1292,32,13.73,49.0,7.0,65.0,21.18,14.10,1.187,6
17:51:20,1292,32,13.73,49.0,7.0,65.0,21.18,13.80,1.187,6
17:51:23,1251,29,13.73,49.0,7.0,65.0,21.18,13.90,1.149,6
17:51:25,1251,29,13.73,49.0,7.0,67.0,21.18,13.60,1.149,6
17:51:26,1251,30,13.73,49.0,7.0,67.0,20.78,13.80,1.149,6
17:51:28,1280,30,13.73,49.0,7.0,67.0,21.18,13.50,1.176,6
17:51:29,1272,30,13.73,49.0,7.0,67.0,21.18,13.90,1.168,6
17:51:30,1283,30,13.73,49.0,7.0,67.0,21.18,14.00,1.179,6
17:51:32,1291,30,13.73,49.0,7.0,67.0,21.18,14.10,1.186,6
17:51:33,1268,30,13.73,49.0,7.0,67.0,20.78,14.00,1.165,6
17:51:34,1296,30,13.73,48.0,7.0,67.0,20.78,13.90,1.167,5
17:51:35,1286,31,13.73,49.0,7.0,67.0,20.78,13.90,1.181,6
17:51:36,1311,30,13.73,48.0,7.0,67.0,20.78,13.90,1.180,5
17:51:37,1293,31,13.73,48.0,7.0,67.0,21.18,14.00,1.164,6
17:51:38,1278,30,13.73,48.0,7.0,67.0,21.18,14.00,1.151,6
17:51:38,1268,30,13.73,48.0,7.0,67.0,20.78,13.90,1.141,6
17:51:39,1300,30,13.73,49.0,7.0,67.0,21.18,13.80,1.194,5
17:51:40,1245,30,13.73,48.0,7.0,67.0,20.78,13.90,1.120,6
17:51:42,1269,30,13.73,49.0,7.0,67.0,20.78,13.90,1.166,6
17:51:43,1264,30,13.73,49.0,7.0,68.0,20.78,13.60,1.161,6
17:51:44,1302,30,13.73,48.0,7.0,68.0,21.18,13.30,1.171,5
17:51:45,1291,30,13.73,48.0,7.0,68.0,20.78,13.80,1.162,6
17:51:46,1310,31,13.73,48.0,7.0,68.0,20.78,14.00,1.178,6
17:51:47,1258,30,13.73,49.0,7.0,68.0,21.18,14.10,1.156,6
17:51:49,1262,31,13.73,48.0,7.0,68.0,21.18,14.00,1.136,6
17:51:50,1273,30,13.73,49.0,7.0,68.0,21.18,13.80,1.169,6
17:51:51,1282,30,13.73,48.0,7.0,68.0,20.78,13.50,1.154,6
17:51:51,1291,30,13.73,48.0,7.0,68.0,21.18,14.10,1.162,6
17:51:52,1272,29,13.73,48.0,7.0,68.0,20.78,14.20,1.145,5
17:51:53,1263,30,13.73,48.0,7.0,68.0,20.39,14.10,1.137,6
17:51:54,1286,30,13.73,48.0,7.0,68.0,20.78,14.20,1.157,6
17:51:55,1276,30,13.73,48.0,7.0,68.0,20.78,14.20,1.148,6
17:51:56,1282,30,13.73,48.0,7.0,68.0,20.78,13.50,1.154,6
17:51:57,1270,30,13.73,48.0,7.0,68.0,20.78,13.80,1.143,6
17:51:58,1280,31,13.73,48.0,7.0,68.0,20.78,13.90,1.152,6
17:51:59,1275,30,13.73,48.0,7.0,68.0,20.78,13.80,1.148,6
17:52:00,1248,29,13.73,48.0,7.0,68.0,20.78,13.50,1.124,6
17:52:02,1295,31,13.73,47.0,7.0,68.0,20.78,14.10,1.141,6
17:52:03,1276,31,13.73,48.0,7.0,69.0,21.18,14.10,1.148,6
17:52:04,1246,30,13.73,48.0,7.0,69.0,20.39,13.80,1.122,6
17:52:05,1317,31,13.73,47.0,7.0,69.0,20.78,13.60,1.160,6
17:52:06,1263,30,13.73,48.0,7.0,69.0,20.78,13.50,1.137,6
17:52:07,1236,30,13.73,48.0,7.0,69.0,20.78,13.90,1.112,6
17:52:08,1270,30,13.73,48.0,7.0,69.0,20.39,14.10,1.143,6
17:52:08,1293,30,13.73,48.0,7.0,69.0,20.78,14.10,1.163,6
17:52:09,1280,31,13.73,48.0,7.0,69.0,20.78,14.00,1.152,6
17:52:10,1300,31,13.73,48.0,7.0,69.0,20.39,14.00,1.170,6
17:52:11,1258,29,13.73,47.0,7.0,69.0,20.78,14.00,1.109,5
17:52:12,1248,29,13.73,48.0,7.0,69.0,20.39,13.80,1.124,6
17:52:13,1261,30,13.73,47.0,7.0,69.0,20.78,13.90,1.111,6
17:52:15,1259,29,13.73,48.0,7.0,69.0,20.39,13.50,1.133,5
17:52:16,1275,30,13.73,48.0,7.0,69.0,20.39,13.90,1.147,6
17:52:17,1260,30,13.73,47.0,7.0,69.0,20.39,13.90,1.111,6
17:52:18,1251,30,13.73,48.0,7.0,69.0,20.39,13.90,1.126,6
17:52:19,1300,30,13.73,48.0,7.0,69.0,20.78,13.90,1.170,5
17:52:20,1279,29,13.73,48.0,7.0,69.0,20.39,13.60,1.151,5
17:52:21,1267,29,13.73,48.0,7.0,70.0,20.78,13.60,1.140,5
17:52:22,1295,30,13.73,47.0,7.0,70.0,20.78,13.60,1.141,5
17:52:23,1246,30,13.73,48.0,7.0,70.0,20.39,13.90,1.121,6
17:52:24,1277,30,13.73,48.0,7.0,70.0,19.61,13.80,1.149,6
17:52:25,1272,30,13.73,47.0,7.0,70.0,20.78,13.50,1.121,6
17:52:26,1260,30,13.73,48.0,7.0,70.0,20.78,13.60,1.134,6
17:52:27,1263,30,13.73,48.0,7.0,70.0,20.39,14.00,1.137,6
17:52:28,1266,30,13.73,48.0,7.0,70.0,20.39,14.00,1.140,6
17:52:29,1296,31,13.73,47.0,7.0,70.0,20.78,13.80,1.142,6
17:52:32,1262,30,13.73,47.0,7.0,70.0,20.39,13.60,1.112,6
17:52:33,1252,30,13.73,47.0,7.0,70.0,20.39,13.60,1.103,6
17:52:34,1270,29,13.73,47.0,7.0,70.0,20.78,13.60,1.119,5
17:52:35,1264,30,13.73,47.0,7.0,70.0,20.00,13.80,1.114,6
17:52:36,1260,29,13.73,48.0,7.0,70.0,20.78,13.80,1.134,5
17:52:37,1235,30,13.73,48.0,7.0,70.0,20.39,14.00,1.111,6
17:52:38,1296,30,13.73,48.0,7.0,70.0,20.78,14.20,1.167,5
17:52:38,1271,30,13.73,48.0,7.0,70.0,20.78,14.00,1.144,6
17:52:39,1257,30,13.73,48.0,7.0,70.0,20.39,13.90,1.131,6
17:52:40,1295,30,13.73,48.0,7.0,70.0,20.78,13.60,1.166,5
17:52:41,1236,29,13.73,47.0,7.0,70.0,20.39,13.80,1.090,6
17:52:42,1308,31,13.73,48.0,7.0,70.0,20.39,14.00,1.177,6
17:52:44,1254,30,13.73,47.0,7.0,70.0,20.78,13.90,1.105,6
17:52:45,1229,30,13.73,47.0,7.0,71.0,20.39,13.90,1.083,6
17:52:47,1254,30,13.73,47.0,7.0,71.0,20.39,13.90,1.105,6
17:52:48,1249,30,13.73,47.0,7.0,71.0,20.39,13.80,1.100,6
17:52:49,1280,30,13.73,47.0,7.0,71.0,20.78,14.00,1.128,6
17:52:50,1248,29,13.73,48.0,7.0,71.0,20.78,14.10,1.123,6
17:52:51,1284,30,13.73,47.0,7.0,71.0,20.00,14.00,1.132,6
17:52:53,1253,29,13.73,47.0,7.0,71.0,20.39,14.00,1.104,5
17:52:54,1269,29,13.73,48.0,7.0,71.0,20.00,13.90,1.142,5
17:52:55,1215,29,13.73,48.0,7.0,71.0,20.00,13.40,1.093,6
17:52:56,1266,30,13.73,47.0,7.0,71.0,20.00,13.80,1.116,6
17:52:57,1248,30,13.73,47.0,7.0,71.0,20.39,13.90,1.100,6
17:52:58,1265,30,13.73,47.0,7.0,71.0,20.39,13.40,1.115,6
17:53:00,1258,30,13.73,47.0,7.0,71.0,20.39,13.90,1.109,6
17:53:01,1264,0,13.73,47.0,7.0,71.0,20.39,14.10,1.114,
17:53:03,1247,29,13.73,47.0,7.0,71.0,20.78,14.00,1.099,6
17:53:05,1262,29,13.73,48.0,7.0,71.0,20.39,13.80,1.136,5
17:53:08,1262,29,13.73,48.0,7.0,71.0,20.39,14.00,1.136,5
17:53:09,1251,30,13.73,47.0,7.0,73.0,20.39,14.10,1.102,6
17:53:11,1282,30,13.73,47.0,7.0,73.0,20.39,14.10,1.130,6
17:53:13,1256,30,13.73,48.0,7.0,73.0,20.39,14.10,1.131,6
17:53:15,1266,29,13.73,48.0,7.0,73.0,20.39,13.60,1.139,5
17:53:17,1266,30,13.73,47.0,7.0,73.0,20.39,13.50,1.115,6
17:53:18,1256,30,13.73,47.0,7.0,73.0,20.39,13.60,1.107,6
17:53:19,1227,29,13.73,48.0,7.0,73.0,20.00,13.80,1.104,6
17:53:21,1253,29,13.73,47.0,7.0,73.0,20.39,13.90,1.104,5
17:53:22,1252,29,13.73,47.0,7.0,73.0,20.78,13.90,1.103,5
17:53:23,1238,29,13.73,47.0,7.0,73.0,20.00,13.80,1.090,6
17:53:24,1262,29,13.73,47.0,7.0,73.0,20.39,13.80,1.112,5
17:53:25,1221,29,13.73,48.0,7.0,73.0,20.39,13.90,1.099,6
17:53:26,1242,29,13.73,48.0,7.0,73.0,20.00,14.10,1.118,6
17:53:27,1216,29,13.73,47.0,7.0,74.0,20.39,14.10,1.072,6
17:53:28,1232,29,13.73,47.0,7.0,74.0,20.39,13.90,1.085,6
17:53:30,1195,28,13.73,48.0,7.0,74.0,20.39,14.00,1.075,6
17:53:31,1209,29,13.73,48.0,7.0,74.0,20.39,13.60,1.088,6
17:53:32,1244,30,13.73,47.0,7.0,74.0,20.39,13.90,1.096,6
17:53:33,1268,30,13.73,47.0,7.0,74.0,20.39,13.80,1.118,6
17:53:35,1228,29,13.73,47.0,7.0,74.0,20.39,13.90,1.082,6
17:53:36,1245,30,13.73,47.0,7.0,74.0,20.39,14.10,1.097,6
17:53:37,1241,29,13.73,47.0,7.0,74.0,20.00,14.00,1.093,6
17:53:37,1254,30,13.73,47.0,7.0,74.0,20.00,14.00,1.105,6
17:53:38,1197,29,13.73,47.0,7.0,74.0,20.39,14.00,1.055,6
17:53:39,1251,30,13.73,47.0,7.0,74.0,20.39,13.90,1.102,6
17:53:40,1226,28,13.73,47.0,7.0,74.0,20.00,13.80,1.081,5
17:53:42,1233,30,13.73,46.0,7.0,74.0,20.00,13.80,1.064,6
17:53:43,1198,29,13.73,48.0,7.0,74.0,20.39,13.40,1.078,6
17:53:44,1220,29,13.73,47.0,7.0,74.0,20.39,13.30,1.075,6
17:53:45,1193,29,13.73,47.0,7.0,74.0,20.39,13.40,1.051,6
17:53:47,1235,29,13.73,47.0,7.0,74.0,20.39,13.90,1.088,6
17:53:48,1266,29,13.73,46.0,7.0,74.0,20.39,14.00,1.092,5
17:53:50,1249,29,13.73,46.0,7.0,74.0,20.00,13.90,1.077,6
17:53:50,1211,29,13.73,47.0,7.0,74.0,19.61,13.90,1.067,6
17:53:52,1248,30,13.73,47.0,7.0,74.0,20.00,13.90,1.100,6
17:53:52,1280,29,13.73,47.0,7.0,75.0,20.39,13.60,1.128,5
17:53:53,1218,29,13.73,47.0,7.0,75.0,20.00,13.30,1.073,6
17:53:54,1242,30,13.73,47.0,7.0,75.0,20.39,13.30,1.095,6
17:53:55,1232,29,13.73,48.0,7.0,75.0,20.39,13.60,1.109,6
17:53:56,1221,29,13.73,47.0,7.0,75.0,20.00,13.60,1.076,6
17:53:57,1238,30,13.73,47.0,7.0,75.0,20.39,13.60,1.091,6
17:53:58,1235,29,13.73,47.0,7.0,75.0,20.39,13.80,1.088,6
17:53:59,1234,29,13.73,47.0,7.0,75.0,20.39,13.90,1.087,6
17:54:01,1256,29,13.73,47.0,7.0,75.0,20.39,14.10,1.107,5
17:54:02,1242,29,13.73,47.0,7.0,75.0,20.39,14.00,1.094,6
17:54:03,1228,30,13.73,47.0,7.0,75.0,20.39,14.00,1.082,6
17:54:04,1227,29,13.73,47.0,7.0,75.0,20.39,14.00,1.081,6
17:54:05,1250,30,13.73,47.0,7.0,75.0,20.39,13.90,1.102,6
17:54:06,1249,28,13.73,47.0,7.0,75.0,20.00,13.60,1.101,5
17:54:07,1244,29,13.73,47.0,7.0,75.0,20.00,13.50,1.096,6
17:54:08,1223,29,13.73,47.0,7.0,75.0,20.39,14.00,1.078,6
17:54:09,1260,30,13.73,47.0,7.0,75.0,20.00,13.80,1.110,6
17:54:10,1260,30,13.73,47.0,7.0,75.0,20.00,13.80,1.110,6
17:54:11,1212,28,13.73,47.0,7.0,75.0,20.00,13.80,1.068,5
17:54:12,1234,29,13.73,47.0,7.0,75.0,20.00,13.90,1.087,6
17:54:13,1228,29,13.73,47.0,7.0,75.0,20.00,14.10,1.082,6
17:54:14,1243,29,13.73,48.0,7.0,75.0,20.00,14.10,1.119,6
17:54:15,1235,29,13.73,47.0,7.0,75.0,20.00,13.90,1.089,6
17:54:16,1272,29,13.73,47.0,7.0,75.0,20.00,13.60,1.121,5
17:54:18,1228,29,13.73,47.0,7.0,75.0,20.00,14.00,1.083,6
17:54:19,1206,29,13.73,47.0,7.0,75.0,20.00,14.10,1.062,6
17:54:20,1224,29,13.73,47.0,7.0,76.0,20.00,13.80,1.079,6
17:54:21,1246,30,13.73,47.0,7.0,76.0,20.00,13.40,1.098,6
17:54:22,1189,28,13.73,48.0,7.0,76.0,20.00,13.60,1.070,6
17:54:23,1218,29,13.73,47.0,7.0,76.0,20.39,13.60,1.073,6
17:54:23,1200,29,13.73,48.0,7.0,76.0,20.39,13.80,1.080,6
17:54:24,1246,29,13.73,47.0,7.0,76.0,20.39,14.10,1.098,6
17:54:25,1233,29,13.73,47.0,7.0,76.0,20.39,14.10,1.086,6
17:54:26,1208,29,13.73,47.0,7.0,76.0,20.00,13.90,1.065,6
17:54:27,1220,29,13.73,46.0,7.0,76.0,19.61,13.90,1.052,6
17:54:29,1227,29,13.73,47.0,7.0,76.0,20.00,13.90,1.081,6
17:54:30,1210,29,13.73,47.0,7.0,76.0,20.00,13.80,1.066,6
17:54:31,1194,29,13.73,46.0,7.0,76.0,20.00,13.80,1.030,6
17:54:32,1223,29,13.73,47.0,7.0,76.0,20.00,14.00,1.077,6
17:54:34,1238,29,13.73,47.0,7.0,76.0,20.00,13.90,1.090,6
17:54:35,1197,29,13.73,47.0,7.0,76.0,20.00,13.90,1.055,6
17:54:36,1205,29,13.73,46.0,7.0,76.0,20.00,13.90,1.039,6
17:54:36,1224,29,13.73,47.0,7.0,76.0,20.39,13.60,1.079,6
17:54:37,1230,29,13.73,47.0,7.0,76.0,20.39,13.90,1.084,6
17:54:38,1235,29,13.73,47.0,7.0,76.0,19.61,13.90,1.089,6
17:54:39,1256,29,13.73,47.0,7.0,76.0,20.00,14.00,1.107,5
17:54:40,1224,28,13.73,47.0,7.0,76.0,20.00,13.60,1.078,5
17:54:41,1231,29,13.73,47.0,7.0,76.0,20.39,13.90,1.085,6
17:54:42,1227,28,13.73,48.0,7.0,76.0,20.00,13.80,1.104,5
17:54:45,1202,29,13.73,48.0,7.0,76.0,20.00,14.00,1.082,6
17:54:48,1202,29,13.73,47.0,8.0,76.0,20.00,13.80,1.055,6
17:54:50,1244,29,13.73,46.0,8.0,76.0,20.39,14.00,1.069,6
17:54:52,1252,29,13.73,46.0,8.0,77.0,20.00,13.60,1.076,5
17:54:53,1224,29,13.73,47.0,8.0,77.0,20.00,13.80,1.075,6
17:54:54,1262,30,13.73,47.0,8.0,77.0,19.61,14.10,1.108,6
17:54:55,1228,29,13.73,46.0,8.0,77.0,20.00,13.90,1.055,6
17:54:56,1257,29,13.73,46.0,8.0,77.0,20.00,13.40,1.080,5
17:54:57,1253,30,13.73,45.0,8.0,77.0,19.61,13.90,1.053,6
17:54:58,1192,28,13.73,47.0,8.0,77.0,20.00,14.00,1.046,6
17:55:00,1256,30,13.73,46.0,8.0,77.0,19.61,13.80,1.080,6
17:55:01,1228,29,13.73,47.0,8.0,77.0,20.39,13.90,1.079,6
17:55:02,1218,29,13.73,46.0,8.0,77.0,19.61,13.20,1.047,6
17:55:03,1196,28,13.73,48.0,8.0,77.0,20.00,13.80,1.073,6
17:55:05,1223,29,13.73,46.0,8.0,77.0,19.61,13.90,1.051,6
17:55:08,1200,29,13.73,47.0,8.0,77.0,20.00,13.80,1.054,6
17:55:09,1274,29,13.73,46.0,8.0,77.0,20.00,13.90,1.095,5
17:55:10,1224,29,13.73,46.0,7.0,77.0,20.00,13.90,1.056,6
17:55:11,1200,29,13.73,47.0,7.0,77.0,20.00,13.40,1.057,6
17:55:12,1224,29,13.73,47.0,7.0,77.0,19.61,13.50,1.078,6
17:55:13,1162,28,13.73,47.0,8.0,77.0,19.61,13.30,1.020,6
17:55:14,1216,28,13.73,47.0,7.0,77.0,20.00,13.50,1.072,5
17:55:16,1210,29,13.73,47.0,7.0,79.0,20.00,13.60,1.066,6
17:55:17,1200,28,13.73,47.0,7.0,79.0,20.00,14.00,1.057,6
17:55:18,1225,28,13.73,47.0,8.0,79.0,20.39,13.60,1.075,5
17:55:19,1215,29,13.73,47.0,8.0,79.0,20.39,13.80,1.067,6
17:55:20,1210,28,13.73,47.0,8.0,79.0,20.00,13.80,1.063,5
17:55:21,1198,28,13.73,47.0,8.0,79.0,20.00,13.90,1.052,6
17:55:22,1210,29,13.73,46.0,8.0,79.0,20.00,14.00,1.040,6
17:55:23,1230,28,13.73,47.0,8.0,79.0,20.78,13.90,1.080,5
17:55:23,1187,28,13.73,47.0,8.0,79.0,19.61,13.90,1.042,6
17:55:24,1182,28,13.73,47.0,8.0,79.0,20.00,13.90,1.038,6
17:55:25,1208,29,13.73,46.0,8.0,79.0,20.00,13.80,1.038,6
17:55:26,1259,29,13.73,46.0,8.0,79.0,19.61,13.60,1.082,5
17:55:27,1220,30,13.73,46.0,7.0,79.0,20.00,13.60,1.052,6
17:55:29,1216,29,13.73,46.0,8.0,79.0,19.61,13.90,1.045,6
17:55:30,1256,30,13.73,46.0,7.0,79.0,20.00,13.90,1.083,6
17:55:32,1164,28,13.73,47.0,7.0,79.0,19.61,14.00,1.026,6
17:55:33,1229,29,13.73,46.0,7.0,79.0,19.22,13.60,1.060,6
17:55:34,1254,30,13.73,46.0,7.0,79.0,19.61,13.90,1.082,6
17:55:35,1209,28,13.73,47.0,7.0,79.0,19.61,13.80,1.065,5
17:55:36,1222,28,13.73,47.0,7.0,79.0,19.61,13.80,1.077,5
17:55:37,1217,29,13.73,45.0,7.0,79.0,19.61,14.10,1.027,6
17:55:38,1202,28,13.73,46.0,7.0,79.0,20.00,14.10,1.036,6
17:55:38,1206,29,13.73,47.0,7.0,79.0,20.00,13.90,1.062,6
17:55:41,1248,29,13.73,46.0,7.0,79.0,19.61,13.50,1.076,6
17:55:42,1238,29,13.73,46.0,7.0,79.0,19.61,13.90,1.068,6
17:55:43,1208,28,13.73,47.0,7.0,79.0,20.00,13.80,1.064,6
17:55:44,1204,28,13.73,47.0,7.0,80.0,19.61,13.90,1.061,6
17:55:45,1200,29,13.73,46.0,7.0,80.0,20.00,13.80,1.035,6
17:55:46,1184,28,13.73,47.0,7.0,80.0,19.61,13.60,1.044,6
17:55:47,1220,29,13.73,47.0,7.0,80.0,19.61,13.90,1.075,6
17:55:49,1206,29,13.73,46.0,7.0,80.0,19.61,13.90,1.041,6
17:55:50,1222,28,13.73,46.0,7.0,80.0,19.61,14.10,1.054,5
17:55:51,1234,29,13.73,46.0,7.0,80.0,19.61,13.90,1.064,6
17:55:51,1221,29,13.73,46.0,7.0,80.0,20.00,13.90,1.053,6
17:55:52,1223,29,13.73,46.0,7.0,80.0,19.61,13.90,1.055,6
17:55:53,1240,29,13.73,46.0,7.0,80.0,19.61,13.60,1.069,6
17:55:54,1224,30,13.73,46.0,7.0,80.0,20.00,13.40,1.056,6
17:55:55,1219,29,13.73,46.0,7.0,80.0,19.61,13.50,1.052,6
17:55:56,1231,29,13.73,46.0,7.0,80.0,19.61,14.00,1.061,6
17:55:57,1210,29,13.73,46.0,7.0,80.0,19.61,13.80,1.043,6
17:55:58,1226,29,13.73,46.0,7.0,80.0,19.61,13.60,1.058,6
17:55:59,1202,29,13.73,46.0,7.0,80.0,19.61,13.90,1.037,6
17:56:01,1236,29,13.73,46.0,7.0,80.0,20.00,13.90,1.066,6
17:56:02,1190,29,13.73,46.0,7.0,80.0,19.61,13.50,1.026,6
17:56:03,1217,29,13.73,46.0,7.0,80.0,19.61,13.30,1.050,6
17:56:04,1220,28,13.73,47.0,7.0,80.0,19.61,13.30,1.075,5
17:56:05,1233,28,13.73,47.0,7.0,80.0,20.00,13.50,1.087,5
17:56:06,1188,29,13.73,46.0,7.0,80.0,20.00,13.50,1.025,6
17:56:07,1214,28,13.73,46.0,7.0,80.0,19.61,13.80,1.047,5
17:56:08,1224,29,13.73,46.0,7.0,81.0,19.61,13.90,1.055,6
17:56:09,1210,29,13.73,46.0,7.0,81.0,20.39,13.80,1.044,6
17:56:10,1212,29,13.73,46.0,7.0,81.0,19.61,13.80,1.046,6
17:56:12,1231,28,13.73,46.0,7.0,81.0,19.61,13.60,1.061,5
17:56:14,1222,29,13.73,46.0,7.0,81.0,20.00,14.10,1.053,6
17:56:17,1188,29,13.73,46.0,7.0,81.0,20.00,13.90,1.025,6
17:56:20,1188,29,13.73,46.0,7.0,81.0,19.61,13.90,1.025,6
17:56:21,1206,28,13.73,47.0,7.0,81.0,20.00,13.60,1.063,6
17:56:23,1204,28,13.73,47.0,7.0,81.0,20.00,14.00,1.061,6
17:56:25,1204,28,13.73,47.0,7.0,81.0,20.00,13.80,1.061,6
17:56:26,1237,29,13.73,46.0,7.0,81.0,20.00,13.40,1.067,6
17:56:27,1186,29,13.73,46.0,7.0,81.0,20.00,13.30,1.022,6
17:56:28,1215,29,13.73,47.0,7.0,81.0,20.00,13.60,1.071,6
17:56:29,1235,29,13.73,46.0,7.0,81.0,19.61,13.60,1.065,6
17:56:32,1200,28,13.73,46.0,7.0,81.0,19.61,13.80,1.035,6
17:56:33,1209,29,13.73,46.0,8.0,81.0,20.00,13.50,1.039,6
17:56:34,1200,28,13.73,47.0,8.0,82.0,19.61,13.20,1.054,6
17:56:35,1214,29,13.73,46.0,8.0,82.0,19.61,13.30,1.043,6
17:56:36,1227,29,13.73,47.0,8.0,82.0,20.00,13.50,1.078,6
17:56:37,1183,28,13.73,47.0,8.0,82.0,20.00,13.90,1.039,6
17:56:38,1220,29,13.73,46.0,8.0,82.0,20.00,13.60,1.049,6
17:56:39,1236,29,13.73,46.0,8.0,82.0,19.61,14.00,1.062,6
17:56:40,1231,29,13.73,47.0,8.0,82.0,20.00,14.00,1.081,6
17:56:41,1198,29,13.73,47.0,8.0,82.0,19.61,13.90,1.052,6
17:56:42,1229,29,13.73,46.0,8.0,82.0,20.00,13.40,1.056,6
17:56:43,1206,29,13.73,46.0,8.0,82.0,20.00,13.40,1.036,6
17:56:44,1212,29,13.73,46.0,8.0,82.0,20.00,13.80,1.041,6
17:56:45,1168,27,13.73,47.0,8.0,82.0,19.61,13.90,1.025,5
17:56:46,1213,29,13.73,46.0,8.0,82.0,19.61,13.80,1.042,6
17:56:48,1212,30,13.73,43.0,8.0,82.0,19.61,13.80,0.974,6
17:56:49,1164,26,14.12,48.0,8.0,82.0,16.86,13.90,1.044,5
17:56:50,1280,29,13.73,46.0,8.0,82.0,27.45,14.00,1.100,5
17:56:51,1230,31,15.29,51.0,8.0,82.0,23.92,13.80,1.172,6
17:56:52,1416,35,15.29,51.0,8.0,82.0,23.14,13.40,1.349,6
17:56:52,1454,36,15.29,50.0,8.0,82.0,23.14,13.40,1.358,6
17:56:53,1521,36,15.29,50.0,8.0,82.0,22.75,13.30,1.421,6
17:56:54,1545,36,15.29,50.0,8.0,82.0,22.35,13.30,1.443,6
17:56:55,1571,37,15.29,50.0,8.0,82.0,23.14,13.40,1.468,6
17:56:56,1561,37,15.69,51.0,8.0,82.0,23.53,13.80,1.487,6
17:56:58,1585,38,15.69,52.0,8.0,82.0,22.35,13.90,1.540,6
17:56:59,1789,42,15.69,52.0,8.0,82.0,21.96,13.90,1.738,6
17:57:02,1817,47,16.08,50.0,8.0,82.0,21.18,13.90,1.697,6
17:57:03,2088,50,16.08,48.0,8.0,82.0,20.00,13.90,1.872,6
17:57:04,2133,50,16.08,48.0,8.0,82.0,20.00,13.90,1.913,6
17:57:05,2120,51,16.08,48.0,8.0,82.0,20.39,14.20,1.901,6
17:57:06,2101,50,16.08,48.0,8.0,82.0,20.00,14.10,1.884,6
17:57:07,2110,50,16.08,48.0,8.0,82.0,20.00,14.00,1.892,6
17:57:08,2138,51,16.08,48.0,8.0,82.0,20.00,14.10,1.918,6
17:57:08,2156,51,16.08,48.0,8.0,82.0,19.61,14.10,1.934,6
17:57:09,2198,52,16.08,48.0,8.0,83.0,20.00,14.00,1.972,6
17:57:10,2021,46,13.73,34.0,8.0,83.0,18.82,13.90,1.284,5
17:57:11,1214,28,13.73,47.0,8.0,83.0,21.57,14.00,1.066,5
17:57:13,1135,27,13.73,48.0,8.0,83.0,22.35,13.80,1.018,6
17:57:14,1081,27,13.73,48.0,7.0,83.0,20.78,13.90,0.973,6
17:57:15,1156,27,13.73,48.0,7.0,83.0,21.18,13.90,1.041,6
17:57:16,1161,27,13.73,49.0,7.0,83.0,21.57,13.90,1.067,6
17:57:18,1182,27,13.73,48.0,7.0,83.0,20.78,14.10,1.064,5
17:57:19,1178,28,13.73,48.0,7.0,83.0,21.18,13.90,1.060,6
17:57:20,1166,27,13.73,48.0,7.0,83.0,20.78,13.50,1.050,5
17:57:21,1205,29,13.73,47.0,7.0,83.0,20.00,13.80,1.062,6
17:57:21,1238,29,13.73,47.0,7.0,83.0,20.00,13.80,1.091,6
17:57:22,1234,29,13.73,47.0,7.0,83.0,20.39,13.80,1.088,6
17:57:23,1231,29,13.73,47.0,7.0,83.0,20.00,13.60,1.085,6
17:57:24,1216,28,13.73,47.0,7.0,83.0,20.39,13.60,1.072,5
17:57:25,1174,28,13.73,48.0,7.0,83.0,20.00,14.00,1.057,6
17:57:26,1204,29,16.86,66.0,7.0,85.0,17.25,13.80,1.489,6
17:57:27,1408,33,15.29,52.0,7.0,85.0,23.14,13.30,1.372,6
17:57:28,1484,36,15.29,50.0,7.0,85.0,22.75,13.50,1.392,6
17:57:29,1510,35,15.29,51.0,7.0,85.0,23.92,13.60,1.443,6
17:57:31,1583,36,15.29,51.0,7.0,85.0,23.14,13.50,1.514,5
17:57:32,1553,37,15.29,50.0,7.0,85.0,23.53,14.00,1.456,6
17:57:33,1540,36,15.29,51.0,7.0,85.0,22.35,13.90,1.472,6
17:57:34,1512,36,15.29,51.0,7.0,85.0,23.53,14.10,1.445,6
17:57:35,1526,36,15.29,51.0,7.0,85.0,23.92,13.60,1.459,6
17:57:36,1547,37,13.73,42.0,7.0,85.0,18.04,13.60,1.218,6
17:57:37,1288,29,13.73,47.0,7.0,85.0,20.00,13.60,1.135,5
17:57:38,1228,28,13.73,46.0,7.0,85.0,19.61,13.60,1.059,5
17:57:39,1263,26,13.73,46.0,7.0,85.0,19.61,13.50,1.090,4
17:57:40,1266,22,13.73,46.0,7.0,85.0,19.22,13.90,1.092,3
17:57:41,1284,14,13.73,45.0,7.0,85.0,19.22,13.90,1.083,
17:57:42,1229,10,13.73,45.0,7.0,85.0,19.22,13.90,1.037,1
17:57:43,1233,10,13.73,45.0,7.0,85.0,19.22,13.50,1.040,1
17:57:44,1242,7,13.73,45.0,7.0,85.0,19.22,13.50,1.047,
17:57:46,1246,4,17.65,49.0,7.0,85.0,14.51,13.90,1.144,
17:57:47,1849,3,13.73,50.0,7.0,85.0,19.22,13.80,1.734,
17:57:49,2631,0,13.73,50.0,7.0,85.0,19.22,13.80,2.466,
17:57:51,2631,0,13.73,50.0,7.0,85.0,10.20,13.80,2.466,
17:57:56,2631,0,13.73,50.0,7.0,85.0,10.20,13.80,2.466,
17:57:57,2631,0,13.73,50.0,7.0,85.0,10.20,13.80,2.466,
17:57:58,2631,0,13.73,50.0,7.0,85.0,10.20,13.80,2.466,
17:57:59,2631,0,13.73,50.0,7.0,85.0,10.20,13.80,2.466,
17:58:00,1196,0,13.73,46.0,7.0,86.0,19.61,13.90,1.031,
17:58:01,1156,0,18.04,58.0,7.0,86.0,9.80,13.80,1.257,
17:58:03,2062,0,13.73,27.0,7.0,86.0,10.20,14.00,1.044,
17:58:04,2232,0,16.86,28.0,7.0,86.0,10.20,14.10,1.172,
17:58:05,2345,0,17.65,45.0,7.0,86.0,19.61,13.90,1.979,
17:58:06,2922,0,18.82,56.0,7.0,86.0,22.35,13.90,3.068,
17:58:07,3768,0,13.73,27.0,7.0,86.0,29.41,14.10,1.907,
17:58:07,2702,0,13.73,30.0,7.0,86.0,54.90,14.00,1.520,
17:58:08,2291,0,14.90,65.0,7.0,86.0,33.33,13.90,2.792,
17:58:09,4275,0,13.73,27.0,7.0,86.0,10.59,13.90,2.164,
17:58:10,1652,0,13.73,48.0,7.0,86.0,20.78,13.80,1.487,
17:58:11,1158,0,13.73,46.0,7.0,86.0,21.96,13.40,0.998,
17:58:12,1126,0,13.73,46.0,7.0,87.0,20.78,14.00,0.972,
17:58:13,1100,0,13.73,46.0,7.0,87.0,20.00,14.10,0.949,
17:58:15,1143,0,13.73,46.0,7.0,87.0,20.00,13.90,0.986,
17:58:16,1171,0,13.73,46.0,7.0,87.0,21.57,13.80,1.010,
17:58:17,1178,0,13.73,47.0,7.0,87.0,20.78,13.90,1.038,
17:58:18,1103,0,13.73,45.0,7.0,87.0,20.00,14.00,0.931,
17:58:19,1155,0,13.73,47.0,7.0,87.0,20.39,13.80,1.018,
17:58:20,1143,0,13.73,46.0,7.0,87.0,20.00,14.00,0.986,
17:58:21,1179,0,13.73,46.0,7.0,87.0,20.00,14.00,1.017,
17:58:22,1158,0,13.73,46.0,7.0,87.0,19.61,13.80,0.999,
17:58:23,1198,0,13.73,47.0,7.0,87.0,20.00,13.40,1.056,
17:58:24,1188,0,13.73,46.0,7.0,87.0,19.61,13.40,1.025,
17:58:25,1202,0,13.73,44.0,7.0,87.0,19.61,13.60,0.992,
17:58:26,1197,0,13.73,45.0,8.0,87.0,18.82,13.60,1.007,
17:58:27,1212,0,13.73,45.0,8.0,87.0,19.61,13.60,1.019,
17:58:28,1185,0,13.73,45.0,8.0,87.0,20.39,13.60,0.996,
17:58:29,1247,0,13.73,44.0,8.0,87.0,19.22,14.00,1.025,
17:58:30,1222,0,13.73,45.0,8.0,87.0,19.22,13.80,1.027,
17:58:32,1208,0,13.73,46.0,8.0,87.0,20.00,13.80,1.039,
17:58:33,1183,10,13.73,45.0,8.0,87.0,19.22,14.00,0.995,1
17:58:34,1206,10,13.73,44.0,8.0,87.0,19.61,14.10,0.992,1
17:58:35,1184,10,13.73,45.0,8.0,87.0,19.22,14.00,0.996,1
17:58:36,1202,10,13.73,46.0,8.0,87.0,19.22,14.00,1.033,1
17:58:37,1189,10,13.73,45.0,8.0,87.0,19.22,14.00,0.999,1
17:58:38,1196,10,13.73,45.0,8.0,88.0,18.82,13.90,1.006,1
17:58:38,1210,10,13.73,45.0,8.0,88.0,19.61,14.10,1.017,1
17:58:39,1200,10,13.73,45.0,8.0,88.0,19.61,13.90,1.009,1
17:58:40,1204,10,13.73,46.0,8.0,88.0,24.71,13.60,1.035,1
17:58:41,1642,16,16.08,50.0,8.0,88.0,19.61,13.60,1.534,1
17:58:42,1998,17,15.69,45.0,8.0,88.0,18.82,13.60,1.680,1
17:58:44,1985,17,15.29,46.0,8.0,88.0,19.61,13.90,1.706,1
17:58:45,1878,16,15.29,46.0,8.0,88.0,20.00,14.00,1.614,1
17:58:46,1843,15,15.69,55.0,8.0,88.0,21.57,14.00,1.893,1
17:58:47,2532,23,16.86,50.0,8.0,88.0,20.78,14.00,2.365,1
17:58:49,2963,26,16.86,47.0,8.0,88.0,20.00,14.20,2.602,1
17:58:50,2980,26,16.86,47.0,8.0,88.0,19.61,14.10,2.616,1
17:58:50,3014,26,16.86,47.0,8.0,88.0,18.43,14.00,2.647,1
17:58:51,2816,23,13.73,27.0,8.0,88.0,18.04,14.00,1.420,1
17:58:52,1374,10,13.73,47.0,8.0,88.0,19.61,13.80,1.206,
17:58:53,1108,9,13.73,46.0,8.0,88.0,19.61,13.80,0.952,1
17:58:54,1120,9,13.73,46.0,8.0,88.0,19.22,13.90,0.962,1
17:58:55,1133,9,13.73,46.0,8.0,88.0,20.39,13.80,0.973,1
17:58:56,1212,10,13.73,46.0,8.0,88.0,20.00,14.10,1.042,1
17:58:57,1154,8,13.73,46.0,8.0,88.0,20.39,14.10,0.992,
17:58:58,1138,6,13.73,45.0,8.0,88.0,20.39,14.10,0.957,
17:58:59,1187,4,13.73,45.0,8.0,88.0,19.61,13.60,0.998,
17:59:00,1078,2,13.73,46.0,8.0,88.0,19.61,13.80,0.927,
17:59:03,1172,0,13.73,46.0,8.0,88.0,19.22,13.90,1.007,
17:59:04,1192,0,13.73,45.0,8.0,89.0,18.82,14.00,1.002,
17:59:05,1165,0,13.73,46.0,8.0,89.0,18.82,13.90,1.001,
17:59:06,1230,0,13.73,45.0,8.0,89.0,19.22,13.60,1.034,
17:59:07,1177,0,13.73,44.0,8.0,89.0,19.61,13.60,0.968,
17:59:08,1166,0,13.73,45.0,8.0,89.0,19.22,13.80,0.980,
17:59:10,1177,0,13.73,45.0,8.0,89.0,19.22,13.80,0.990,
17:59:14,1177,0,13.73,45.0,8.0,89.0,19.22,13.90,0.990,
17:59:15,1198,0,13.73,44.0,8.0,89.0,19.22,14.00,0.985,
17:59:17,1147,0,13.73,44.0,8.0,89.0,19.22,13.40,0.943,
17:59:19,1197,0,13.73,44.0,8.0,89.0,20.00,14.10,0.984,
17:59:20,1152,0,13.73,44.0,8.0,89.0,19.22,14.10,0.947,
17:59:21,1147,0,13.73,45.0,8.0,89.0,18.82,13.80,0.964,
17:59:22,1193,0,13.73,44.0,8.0,89.0,18.43,13.50,0.980,
17:59:23,1184,0,13.73,45.0,8.0,89.0,19.22,13.60,0.996,
17:59:24,1196,0,13.73,44.0,8.0,89.0,19.22,13.90,0.983,
17:59:25,1186,0,13.73,45.0,8.0,89.0,18.43,13.90,0.997,
17:59:26,1169,0,13.73,44.0,8.0,91.0,18.82,13.90,0.961,
17:59:27,1210,0,13.73,46.0,8.0,91.0,18.82,13.90,1.039,
17:59:28,1187,0,13.73,44.0,8.0,91.0,18.43,14.00,0.976,
17:59:29,1238,0,13.73,45.0,8.0,91.0,19.22,13.90,1.041,
17:59:31,1199,0,13.73,44.0,8.0,91.0,18.82,13.90,0.985,
17:59:32,1168,0,13.73,45.0,8.0,91.0,18.82,13.60,0.982,
17:59:33,1193,0,13.73,45.0,8.0,91.0,19.22,13.80,1.003,
17:59:34,1210,0,13.73,44.0,8.0,91.0,18.82,13.80,0.995,
17:59:35,1208,0,13.73,44.0,8.0,91.0,18.43,13.80,0.993,
17:59:36,1189,0,13.73,44.0,8.0,91.0,18.43,13.90,0.978,
17:59:37,1200,0,13.73,44.0,8.0,91.0,19.61,14.00,0.986,
17:59:38,1176,0,13.73,44.0,8.0,91.0,19.22,14.10,0.966,
17:59:39,1212,0,13.73,44.0,8.0,91.0,19.61,14.10,0.996,
17:59:40,1176,0,13.73,44.0,8.0,91.0,20.00,13.90,0.966,
17:59:41,1146,0,13.73,44.0,8.0,91.0,18.82,13.80,0.942,
17:59:42,1177,0,13.73,44.0,8.0,91.0,19.22,13.90,0.967,
17:59:43,1187,0,13.73,44.0,8.0,91.0,18.82,14.00,0.976,
17:59:44,1214,0,13.73,44.0,9.0,91.0,18.82,13.80,0.994,
17:59:45,1165,0,13.73,45.0,9.0,91.0,18.82,13.60,0.976,
17:59:46,1170,0,13.73,44.0,9.0,91.0,18.82,14.00,0.959,
17:59:47,1201,0,13.73,45.0,9.0,91.0,19.22,14.00,1.006,
17:59:49,1219,0,13.73,44.0,9.0,91.0,20.00,13.80,0.999,
17:59:50,1140,0,13.73,45.0,9.0,91.0,18.43,14.00,0.955,
17:59:51,1178,0,13.73,44.0,9.0,91.0,18.43,14.00,0.965,
17:59:51,1208,0,13.73,45.0,9.0,91.0,18.43,14.00,1.012,
17:59:52,1166,0,13.73,45.0,9.0,91.0,18.43,14.00,0.977,
17:59:53,1198,0,13.73,45.0,9.0,91.0,19.22,14.00,1.004,
17:59:54,1179,0,13.73,45.0,9.0,91.0,18.04,14.00,0.987,
17:59:55,1210,0,13.73,44.0,9.0,92.0,19.61,13.80,0.991,
17:59:56,1168,0,13.73,44.0,9.0,92.0,19.22,13.80,0.956,
17:59:57,1204,0,13.73,44.0,9.0,92.0,18.82,13.90,0.987,
17:59:58,1183,0,13.73,45.0,9.0,92.0,18.82,13.90,0.991,
17:59:59,1190,0,13.73,44.0,9.0,92.0,18.82,13.90,0.975,
18:00:01,1168,0,13.73,44.0,9.0,92.0,19.22,14.10,0.956,
18:00:02,1180,0,13.73,45.0,9.0,92.0,18.43,13.40,0.989,
18:00:04,1201,0,13.73,45.0,9.0,92.0,18.43,13.80,1.006,
18:00:05,1177,0,13.73,45.0,9.0,92.0,18.43,13.80,0.986,
18:00:06,1165,0,13.73,45.0,9.0,92.0,18.04,13.80,0.976,
18:00:07,1180,0,13.73,44.0,9.0,92.0,18.82,13.80,0.967,
18:00:08,1174,0,13.73,44.0,9.0,92.0,19.22,13.80,0.962,
18:00:08,1183,0,13.73,45.0,9.0,92.0,18.82,13.80,0.991,
18:00:10,1192,0,13.73,45.0,9.0,92.0,18.82,13.80,0.999,
18:00:11,1209,0,13.73,44.0,9.0,92.0,19.22,13.90,0.991,
18:00:12,1232,0,13.73,44.0,9.0,92.0,18.82,13.80,1.009,
18:00:13,1189,0,13.73,45.0,9.0,92.0,19.61,13.80,0.996,
18:00:14,1144,0,13.73,45.0,9.0,92.0,19.22,13.90,0.958,
18:00:15,1132,0,13.73,44.0,9.0,92.0,18.43,13.90,0.928,
18:00:16,1171,0,13.73,44.0,9.0,92.0,19.22,13.80,0.959,
18:00:18,1161,0,13.73,45.0,9.0,92.0,19.61,14.00,0.972,
18:00:19,1178,0,13.73,44.0,9.0,92.0,18.82,13.90,0.965,
18:00:20,1194,0,13.73,44.0,9.0,92.0,18.43,13.80,0.978,
18:00:21,1203,0,13.73,45.0,9.0,92.0,18.43,13.60,1.008,
18:00:21,1199,0,13.73,45.0,9.0,92.0,19.22,13.80,1.004,
18:00:22,1135,0,13.73,46.0,9.0,92.0,18.43,13.60,0.972,
18:00:23,1172,0,13.73,45.0,9.0,92.0,18.43,13.60,0.982,
18:00:24,1206,0,13.73,45.0,9.0,92.0,19.22,13.90,1.011,
18:00:25,1176,0,13.73,44.0,9.0,92.0,18.43,14.00,0.963,
18:00:26,1192,0,13.73,44.0,9.0,92.0,18.82,13.90,0.977,
18:00:27,1186,0,13.73,45.0,9.0,92.0,19.22,14.00,0.993,
18:00:28,1151,0,13.73,45.0,9.0,92.0,19.22,14.00,0.964,
18:00:29,1201,0,13.73,44.0,9.0,93.0,18.43,14.10,0.984,
18:00:31,1182,0,13.73,44.0,9.0,93.0,18.82,14.00,0.968,
18:00:33,1185,0,13.73,44.0,9.0,93.0,18.82,13.90,0.971,
18:00:36,1185,0,13.73,44.0,9.0,93.0,18.82,13.90,0.971,
18:00:40,1185,0,13.73,44.0,9.0,93.0,18.82,13.90,0.971,
18:00:41,1185,0,13.73,44.0,9.0,93.0,18.82,13.90,0.971,
18:00:42,1185,0,13.73,44.0,9.0,93.0,18.82,13.90,0.971,
18:00:43,1185,0,13.73,44.0,9.0,93.0,18.82,13.90,0.971,
18:00:44,1185,0,13.73,44.0,9.0,93.0,18.82,13.90,0.971,
18:00:45,1185,0,13.73,44.0,9.0,93.0,18.82,13.90,0.971,
18:00:46,1185,0,13.73,44.0,9.0,93.0,18.82,13.90,0.971,
18:00:47,1185,0,13.73,44.0,9.0,93.0,18.82,13.90,0.971,
18:00:48,1185,0,13.73,44.0,9.0,93.0,18.82,13.90,0.971,
18:00:49,1185,0,13.73,44.0,9.0,93.0,18.82,13.90,0.971,
18:00:50,1185,0,13.73,44.0,9.0,93.0,18.82,13.90,0.971,
18:00:50,1220,0,13.73,43.0,9.0,93.0,18.43,13.90,0.977,
18:00:51,1202,0,13.73,44.0,9.0,93.0,19.22,13.60,0.984,
18:00:52,1180,0,13.73,45.0,9.0,93.0,18.82,13.60,0.989,
18:00:53,1172,0,13.73,43.0,9.0,93.0,18.04,13.80,0.938,
18:00:54,1178,0,13.73,44.0,9.0,93.0,18.04,13.60,0.965,
18:00:55,1199,0,13.73,45.0,9.0,93.0,18.04,13.60,1.004,
18:00:56,1186,0,13.73,44.0,9.0,94.0,18.82,13.80,0.972,
18:00:57,1174,0,13.73,44.0,9.0,93.0,18.04,13.90,0.962,
18:00:58,1192,0,13.73,44.0,10.0,93.0,18.82,14.00,0.973,
18:00:59,1156,0,13.73,44.0,10.0,94.0,18.43,13.80,0.944,
18:01:00,1176,0,13.73,44.0,10.0,94.0,18.43,14.00,0.960,
18:01:02,1174,0,13.73,44.0,10.0,94.0,18.04,14.00,0.958,
18:01:03,1195,0,13.73,44.0,10.0,94.0,18.04,13.60,0.976,
18:01:04,1186,0,13.73,44.0,10.0,94.0,18.43,13.60,0.968,
18:01:05,1224,0,13.73,43.0,10.0,94.0,18.04,13.50,0.976,
18:01:06,1215,0,13.73,43.0,10.0,94.0,18.43,13.90,0.969,
18:01:07,1199,0,13.73,44.0,10.0,94.0,18.82,14.00,0.979,
18:01:08,1225,0,13.73,42.0,10.0,94.0,18.43,14.10,0.954,
18:01:08,1200,0,13.73,44.0,10.0,94.0,18.04,14.00,0.980,
18:01:09,1216,0,13.73,44.0,10.0,94.0,18.82,14.00,0.993,
18:01:10,1220,0,13.73,43.0,10.0,94.0,18.04,13.80,0.973,
18:01:12,1218,0,13.73,43.0,10.0,94.0,18.04,13.60,0.971,
18:01:13,1210,0,13.73,44.0,10.0,94.0,18.43,13.50,0.988,
18:01:14,1208,0,13.73,44.0,10.0,94.0,18.43,13.60,0.986,
18:01:15,1206,0,13.73,44.0,10.0,94.0,18.04,13.80,0.984,
18:01:16,1188,0,13.73,44.0,10.0,94.0,18.82,13.90,0.970,
18:01:17,1201,0,13.73,43.0,10.0,94.0,18.43,14.00,0.958,
18:01:19,1207,0,13.73,43.0,10.0,94.0,18.82,13.80,0.963,
18:01:20,1175,0,13.73,43.0,10.0,94.0,18.43,13.20,0.937,
18:01:21,1165,0,13.73,44.0,10.0,94.0,18.04,13.60,0.951,
18:01:22,1208,0,13.73,44.0,10.0,94.0,18.43,14.10,0.986,
18:01:22,1177,0,13.73,43.0,10.0,94.0,18.82,13.90,0.939,
18:01:23,1170,0,13.73,44.0,10.0,94.0,18.82,14.00,0.955,
18:01:24,1229,0,13.73,43.0,10.0,94.0,18.43,14.20,0.980,
18:01:25,1192,0,13.73,44.0,10.0,94.0,18.43,14.00,0.973,
18:01:26,1200,0,13.73,44.0,10.0,94.0,18.43,13.80,0.979,
18:01:27,1220,0,13.73,44.0,10.0,94.0,18.04,13.60,0.996,
18:01:28,1219,0,13.73,44.0,10.0,94.0,18.82,13.90,0.995,
18:01:29,1201,0,13.73,44.0,10.0,94.0,18.43,13.80,0.980,
18:01:31,1180,0,13.73,44.0,10.0,94.0,18.43,13.60,0.963,
18:01:32,1212,0,13.73,43.0,10.0,94.0,18.43,13.90,0.967,
18:01:33,1200,0,13.73,44.0,10.0,94.0,18.43,14.00,0.980,
18:01:34,1202,0,13.73,43.0,10.0,94.0,18.43,14.00,0.959,
18:01:35,1225,0,13.73,43.0,10.0,94.0,18.82,14.10,0.977,
18:01:36,1219,0,13.73,43.0,10.0,94.0,18.43,13.90,0.972,
18:01:37,1209,0,13.73,43.0,10.0,94.0,18.43,13.80,0.964,
18:01:38,1172,0,13.73,44.0,10.0,95.0,18.43,13.90,0.957,
18:01:39,1216,0,13.73,43.0,10.0,95.0,18.43,14.00,0.970,
18:01:40,1198,0,13.73,43.0,10.0,95.0,18.43,13.90,0.955,
18:01:41,1210,0,13.73,43.0,10.0,95.0,18.82,13.50,0.965,
18:01:42,1204,0,13.73,43.0,10.0,95.0,18.04,14.00,0.960,
18:01:43,1222,0,13.73,43.0,10.0,95.0,18.04,14.10,0.975,
18:01:44,1215,0,13.73,44.0,10.0,95.0,18.04,13.90,0.992,
18:01:45,1220,0,13.73,44.0,10.0,95.0,18.43,13.80,0.995,
18:01:46,1226,0,13.73,44.0,10.0,95.0,18.43,13.60,1.001,
18:01:48,1191,0,13.73,43.0,10.0,95.0,18.43,13.60,0.950,
18:01:49,1176,0,13.73,43.0,10.0,95.0,18.43,14.10,0.938,
18:01:50,1211,0,13.73,44.0,10.0,95.0,18.82,13.80,0.988,
18:01:51,1175,0,13.73,43.0,10.0,95.0,18.43,13.80,0.937,
18:01:52,1196,0,13.73,43.0,10.0,95.0,18.43,13.80,0.954,
18:01:54,1196,0,13.73,43.0,10.0,95.0,18.43,13.90,0.954,
18:01:56,1196,0,13.73,43.0,10.0,95.0,18.43,13.90,0.954,
18:01:58,1198,0,13.73,42.0,10.0,95.0,18.43,14.00,0.933,
18:02:00,1214,0,13.73,42.0,10.0,95.0,18.04,13.50,0.945,
18:02:02,1204,0,13.73,44.0,10.0,95.0,18.04,13.40,0.983,
18:02:03,1164,0,13.73,42.0,10.0,95.0,18.43,13.50,0.907,
18:02:05,1219,0,13.73,44.0,10.0,95.0,18.43,13.90,0.995,
18:02:06,1184,0,13.73,44.0,11.0,95.0,19.22,13.90,0.963,
18:02:08,1126,0,13.73,43.0,11.0,95.0,18.43,13.60,0.895,
18:02:11,1190,0,13.73,43.0,11.0,95.0,18.43,13.40,0.946,
18:02:14,1190,0,13.73,43.0,11.0,95.0,18.43,13.10,0.946,
18:02:17,1190,0,13.73,43.0,11.0,95.0,18.43,13.10,0.946,
18:02:20,1190,0,13.73,43.0,11.0,95.0,18.43,13.10,0.946,
18:02:23,1190,0,13.73,43.0,11.0,95.0,18.43,13.10,0.946,
18:02:26,1190,0,13.73,43.0,11.0,95.0,18.43,13.10,0.946,
18:02:29,1190,0,13.73,43.0,11.0,95.0,18.43,13.10,0.946,
18:02:32,1190,0,13.73,43.0,11.0,95.0,18.43,13.10,0.946,
18:02:35,1190,0,13.73,43.0,11.0,95.0,18.43,13.10,0.946,
18:02:38,1190,0,13.73,43.0,11.0,95.0,18.43,13.10,0.946,
18:02:42,1190,0,13.73,43.0,11.0,95.0,18.43,13.10,0.946,
18:02:45,1190,0,13.73,43.0,11.0,95.0,18.43,13.10,0.946,
18:02:48,1190,0,13.73,43.0,11.0,95.0,18.43,13.10,0.946,
18:02:51,1190,0,13.73,43.0,11.0,95.0,18.43,13.10,0.946,
18:02:54,1190,0,13.73,43.0,11.0,95.0,18.43,13.10,0.946,
18:02:57,1190,0,13.73,43.0,11.0,95.0,18.43,13.10,0.946,
18:03:00,1190,0,13.73,43.0,11.0,95.0,18.43,13.10,0.946,
18:03:03,1190,0,13.73,43.0,11.0,95.0,18.43,13.10,0.946,
18:03:06,1190,0,13.73,43.0,11.0,95.0,18.43,13.10,0.946,
18:03:10,1190,0,13.73,43.0,11.0,95.0,18.43,13.10,0.946,
18:03:13,1190,0,13.73,43.0,11.0,95.0,18.43,13.10,0.946,
18:03:16,1190,0,13.73,43.0,11.0,95.0,18.43,13.10,0.946,
18:03:19,1190,0,13.73,43.0,11.0,95.0,18.43,13.10,0.946,
18:03:22,1190,0,13.73,43.0,11.0,95.0,18.43,13.10,0.946,
18:03:25,1190,0,13.73,43.0,11.0,95.0,18.43,13.10,0.946,
18:03:28,1190,0,13.73,43.0,11.0,95.0,18.43,13.10,0.946,
18:03:32,1190,0,13.73,43.0,11.0,95.0,18.43,13.10,0.946,
18:03:35,1190,0,13.73,43.0,11.0,95.0,18.43,13.10,0.946,
18:03:38,1190,0,13.73,43.0,11.0,95.0,18.43,13.10,0.946,
18:03:41,1190,0,13.73,43.0,11.0,95.0,18.43,13.10,0.946,
18:03:44,1190,0,13.73,43.0,11.0,95.0,18.43,13.10,0.946,
18:03:54,1190,0,13.73,43.0,11.0,95.0,18.43,13.10,0.946,
18:04:10,1190,0,13.73,43.0,11.0,95.0,18.43,13.10,0.946,
18:04:27,1190,0,13.73,43.0,11.0,95.0,18.43,13.10,0.946,
19:35:51,1190,0,13.73,43.0,11.0,95.0,18.43,13.10,0.946,
19:36:07,1190,0,13.73,43.0,11.0,95.0,18.43,13.10,0.946,
19:36:24,1190,0,13.73,43.0,11.0,95.0,18.43,13.10,0.946,
19:36:40,1190,0,13.73,43.0,11.0,95.0,18.43,13.10,0.946,
19:36:56,1190,0,13.73,43.0,11.0,95.0,18.43,13.10,0.946,
19:37:13,1190,0,13.73,43.0,11.0,95.0,18.43,13.10,0.946,
19:37:29,1190,0,13.73,43.0,11.0,95.0,18.43,13.10,0.946,
19:37:46,1190,0,13.73,43.0,11.0,95.0,18.43,13.10,0.946,
19:38:02,1190,0,13.73,43.0,11.0,95.0,18.43,13.10,0.946,
19:38:18,1190,0,13.73,43.0,11.0,95.0,18.43,13.10,0.946,
